headline,accessibilityAPI,accessMode,audience,author,bespoke,competencyRequired,contributor,copyrightHolder,copyrightNotice,copyrightYear,creditText,description,educationalAlignment,educationalLevel,featured,featuredText,funder,funding,identifier,inLanguage,isAccessibleForFree,isBasedOn,keywords,learningResourceType,license,maintainer,provider,schemaVersion,sdPublisher,teaches,timeRequired,url,version
Metagenomics,,textual,"Undergraduate student, Postgraduate taught student, Postgraduate research student, Researcher, Clinician, Industry, Public sector, Research Software Engineer, Bioinformatican, Research skills educator","Buenabad-Chavez, J., Cansdale, A., Chong, J., Forrester, S., Greeves, E., & Rand, E",yes,"Bioscience: Understanding of what a microbiome is, Classical statistics: Understanding independent/expanatory variables and dependent/response variables, Bioscience: Understanding of a what genome is",,Cloud-SPAN,Licensed under CC-BY 4.0 2021–24 by Cloud-SPAN,2022,"Buenabad-Chavez, J., Cansdale, A., Chong, J., Forrester, S., Greeves, E., & Rand, E. (2022). Cloud-SPAN Metagenomics Course: Overview (Version 1.0.0) [Computer software]. https://doi.org/10.5281/zenodo.7505859","Learn to assemble, quality-check, and bin metagenomes into MAGs, assign taxonomy, calculate diversity, and perform functional annotation using mock microbial community data. No prior bioinformatics experience required; basic microbiome knowledge recommended.",,level1,no,,UKRI,Cloud-SPAN. Funded by the UKRI Innovation Scholars (MR/V038680/1),metagenomics,EN,yes,,"data import, programming, AWS, EC2, virtual machine, cloud computing, bioinformatics, data processing, metagenomics, HPC, QC, binning, taxonomy, annotation, bash, Linux, biological research, reproducibility, Metagenome assembly, Taxonomic assignment, Flye, Long reads, FASTQ, Pavion, Krona",onlineCourse,CC-BY 4.0,Cloud-SPAN,Cloud-SPAN,Schema.org • V29.2 | 2025-05-15,Schema.org,"Computing: Understanding of hierarchical filesystems including root and home directories, Command line: Ability to specify inputs and outputs for software from command line, Command line: Ability to move files between local and remote systems from the command line, Command line: Ability to create and run shell scripts, Bioinformatics: Ability to interpret FASTQ Phred quality scores and FastQC/MultiQC plots, Bioinformatics: Ability to assess read quality using FastQC, Bioinformatics: Ability to trim and quality filter reads using cutadapt, Bioinformatics: Abllity to assemble a metagenome using Flye and Pilon, Bioinformatics: Ability to interpret assembly quality metrics (N50, contig lengths), Bioinformatics: Ability to bin MAGs using MetaBAT2, Bioinformatics: Ability to assign functional annotation to MAGs using Prokka, Bioinformatics: Ability to assign taxonomy to a MAG using kraken, Bioinformatics: Understanding of taxonomic assignment, Bioinformatics: Understanding of limitations of taxonomic assignment including database bias and completeness, Bioinformatics: Understanding of k-mers, Bioinformatics: Ability to explore functional annotations using BlastKOALA, Bioinformatics: Awareness of the concept of bioinformatics pipelines, Bioinformatics: Understanding of why a metagenome assembly polishing step is required, Bioscience: Understand sequencing sample quality in terms of sequencing depth and phred quality, High Performance Computing: Ability to manage cloud-based computing environments",24 hours,,
Metagenomics for Environmental Scientists,,textual,"Bioinformatican, Researcher, Postgraduate taught student, Postgraduate research student, Industry, Research Software Engineer, Research skills educator, Public sector, Undergraduate student","Buenabad-Chavez, J., Cansdale, A., Chong, J., Forrester, S., Greeves, E., & Rand, E",yes,"Bioscience: Understanding of what a microbiome is, Classical statistics: Understanding independent/expanatory variables and dependent/response variables, Bioscience: Understanding of a what genome is",,Cloud-SPAN,Licensed under CC-BY 4.0 2021–24 by Cloud-SPAN,2023,"Buenabad-Chavez, J., Cansdale, A., Chong, J., Forrester, S., Greeves, E., & Rand, E. (2024). Cloud-SPAN Metagenomics Course (2024 version, Environmental Applications) (Version 1.0.0) [Computer software]. https://doi.org/10.5281/zenodo.12700160","Learn to assemble, quality-check, and bin metagenomes into MAGs, assign taxonomy, calculate diversity, and perform functional annotation using real soil microbial community data. No prior bioinformatics experience required; basic microbiome knowledge recommended.",,level1,no,no,UKRI,"Cloud-SPAN. Funded by the UKRI Innovation Scholars (MR/V038680/1), Natural Environment Research Council (NE/X006999/1, E/Y003527/1).",metagenomics_env,EN,yes,"Buenabad-Chavez, J., Cansdale, A., Chong, J., Forrester, S., Greeves, E., & Rand, E. (2022). Cloud-SPAN Prenomics Course (Version 0.1.0) [Computer software]. https://doi.org/10.5281/zenodo.6354056
Buenabad-Chavez, J., Cansdale, A., Chong, J., Forrester, S., Greeves, E., & Rand, E. (2022). Cloud-SPAN Metagenomics Course: Overview (Version 1.0.0) [Computer software]. https://doi.org/10.5281/zenodo.7505859","metagenomics, environmental science, HPC, QC, binning, taxonomy, annotation, bash, Linux, cloud computing, bioinformatics, data visualisation, RStudio, R, data import, programming, AWS, EC2, data processing, biological research, reproducibility, experimental design, data summarisation, statistics, Metagenome assembly",onlineCourse,CC-BY 4.0,Cloud-SPAN,Cloud-SPAN,Schema.org • V29.2 | 2025-05-15,Schema.org,"Computing: Understanding of hierarchical filesystems including root and home directories, Command line: Ability to specify inputs and outputs for software from command line, Command line: Ability to move files between local and remote systems from the command line, Command line: Ability to create and run shell scripts, Bioinformatics: Ability to interpret FASTQ Phred quality scores and FastQC/MultiQC plots, Bioinformatics: Ability to assess read quality using FastQC, Bioinformatics: Ability to trim and quality filter reads using cutadapt, Bioinformatics: Abllity to assemble a metagenome using Flye and Pilon, Bioinformatics: Ability to interpret assembly quality metrics (N50, contig lengths), Bioinformatics: Ability to bin MAGs using MetaBAT2, Bioinformatics: Ability to assign functional annotation to MAGs using Prokka, Bioinformatics: Ability to assign taxonomy to a MAG using kraken, Bioinformatics: Understanding of taxonomic assignment, Bioinformatics: Understanding of limitations of taxonomic assignment including database bias and completeness, Bioinformatics: Understanding of k-mers, Bioinformatics: Ability to explore functional annotations using BlastKOALA, Bioinformatics: Awareness of the concept of bioinformatics pipelines, Bioinformatics: Understanding of why a metagenome assembly polishing step is required, Bioscience: Understand sequencing sample quality in terms of sequencing depth and phred quality, High Performance Computing: Ability to manage cloud-based computing environments",24 hours,https://cloud-span.github.io/nerc-metagenomics-v2q/,1.2
Prenomics,,textual,"Undergraduate student, Postgraduate taught student, Postgraduate research student, Researcher, Clinician, Industry, Public sector, Research Software Engineer, Bioinformatican, Research skills educator","Buenabad-Chavez, J., Cansdale, A., Chong, J., Forrester, S., Greeves, E., & Rand, E",yes,,,Cloud-SPAN,Licensed under CC-BY 4.0 2021–24 by Cloud-SPAN,2021,"Buenabad-Chavez, J., Cansdale, A., Chong, J., Forrester, S., Greeves, E., & Rand, E. (2022). Cloud-SPAN Prenomics Course (Version 0.1.0) [Computer software]. https://doi.org/10.5281/zenodo.6354056","Develop foundational skills in AWS, Linux command line (Bash), and basic cloud-based computing for omics data analysis.",,level1,no,,UKRI,Cloud-SPAN. Funded by the UKRI Innovation Scholars (MR/V038680/1),prenomics,EN,yes,,"AWS, bash, Linux, cloud computing, bioinformatics",onlineCourse,CC-BY 4.0,Cloud-SPAN,Cloud-SPAN,Schema.org • V29.2 | 2025-05-15,Schema.org,"Command line: Ability to open a shell such as bash, Command line: Ability to navigate filesystems from the command line, High Performance Computing: Ability to manage cloud-based computing environments, High Performance Computing: Ability to utilize cloud computing resources for data analysis, Computing: Understanding of hierarchical filesystems including root and home directories, ""Computing: Understanding working directories, relative and absolute paths"", Computing: Understanding of File types and formats including plain text files and the relation between file types and file extensions, ""Command line: Ability to move, delete, create and copy files and directories from command line"", Command line: Ability to use common command line functions, Command line: Ability to specify inputs and outputs for software from command line, Command line: Ability to login to remote systems from the command line, Command line: Ability to move files between local and remote systems from the command line, Command line: Ability to create and run shell scripts, Data management: Ability to document and share data analysis workflows",5 hours,https://cloud-span.github.io/prenomics00-intro,0.1.0
Core R,,textual,"Undergraduate student, Postgraduate taught student, Postgraduate research student, Researcher, Clinician, Industry, Public sector, Research Software Engineer, Bioinformatican, Research skills educator","Rand, E",yes,,,Cloud-SPAN,Licensed under CC-BY 4.0 2021–24 by Cloud-SPAN,2022,"Rand, E. & Greeves, E. (2023). Cloud-SPAN Core R Workshop [Training material]. Cloud-SPAN, University of York. Retrieved from https://cloud-span.github.io/core-r/02_intro_to_r_and_working_with_data.html","Gain basic proficiency in R for data manipulation, visualization, and statistical analysis. Covers RStudio navigation, data types, data import, summarisation, and plotting.",,level1,yes,yes,UKRI,Cloud-SPAN. Funded by the UKRI Innovation Scholars (MR/V038680/1),core_r,EN,yes,,"R, RStudio, data import, data visualisation, data summarisation, statistics, programming",onlineCourse,CC-BY 4.0,Cloud-SPAN,Cloud-SPAN,Schema.org • V29.2 | 2025-05-15,Schema.org,"Computing: Understanding of File types and formats including plain text files and the relation between file types and file extensions, R programming: Ability to create and use dataframes, R programming: Ability to plot graphs and figures using ggplot2, R programming: Proficiency in data manipulation and visualization",2 hours,https://cloud-span.github.io/core-r/02_intro_to_r_and_working_with_data.html,
Create Your Own AWS Instance,,textual,"Undergraduate student, Postgraduate taught student, Postgraduate research student, Researcher, Clinician, Industry, Public sector, Research Software Engineer, Bioinformatican, Research skills educator","Buenabad-Chavez, J., Cansdale, A., Chong, J., Forrester, S., Greeves, E., & Rand, E",yes,"Command line: Ability to open a shell such as bash, Command line: Ability to login to remote systems from the command line, High Performance Computing: Ability to utilize cloud computing resources for data analysis",,Cloud-SPAN,Licensed under CC-BY 4.0 2021–24 by Cloud-SPAN,2023,"Buenabad-Chavez, J., Rand, E., & Chong, J. (2024). Cloud-SPAN “Create Your Own AWS Instance” Course [Training material]. Cloud-SPAN, University of York. Retrieved from https://cloud-span.github.io/create-aws-instance-0-overview","Set up and manage a personal AWS virtual machine instance for cloud-based bioinformatics analysis. Covers AWS account setup, instance lifecycle, and cost management.",,level1,no,,UKRI,Cloud-SPAN. Funded by the UKRI Innovation Scholars (MR/V038680/1),aws_instance,EN,yes,,"AWS, EC2, virtual machine, cloud computing, bioinformatics",onlineCourse,CC-BY 4.0,Cloud-SPAN,Cloud-SPAN,Schema.org • V29.2 | 2025-05-15,Schema.org,"High Performance Computing: Ability to manage cloud-based computing environments, High Performance Computing: Ability to utilize cloud computing resources for data analysis, Command line: Ability to move files between local and remote systems from the command line, Command line: Ability to specify inputs and outputs for software from command line",2 hours,https://cloud-span.github.io/create-aws-instance-0-overview,
Genomics,,textual,"Undergraduate student, Postgraduate taught student, Postgraduate research student, Researcher, Clinician, Industry, Public sector, Research Software Engineer, Bioinformatican, Research skills educator","Buenabad-Chavez, J., Cansdale, A., Chong, J., Forrester, S., Greeves, E., & Rand, E",yes,"Command line: Ability to open a shell such as bash, Command line: Ability to navigate filesystems from the command line, High Performance Computing: Ability to manage cloud-based computing environments, High Performance Computing: Ability to utilize cloud computing resources for data analysis, Computing: Understanding of hierarchical filesystems including root and home directories, ""Computing: Understanding working directories, relative and absolute paths"", Computing: Understanding of File types and formats including plain text files and the relation between file types and file extensions, ""Command line: Ability to move, delete, create and copy files and directories from command line"", Command line: Ability to use common command line functions, Command line: Ability to specify inputs and outputs for software from command line, Command line: Ability to login to remote systems from the command line, Command line: Ability to move files between local and remote systems from the command line, Command line: Ability to create and run shell scripts, Data management: Ability to document and share data analysis workflows",,Cloud-SPAN,Licensed under CC-BY 4.0 2021–24 by Cloud-SPAN,2021,"Rand, E., Buenabad-Chavez, J., Chong, J., Forrester, S., & Greeves, E. (2022). Cloud-SPAN Genomics Course Overview (Version 1.0.0) [Computer software]. https://doi.org/10.5281/zenodo.6564314","An introduction to genomics, covering topics such as sequencing, variant calling, and data processing.",,level2,no,,UKRI,Cloud-SPAN. Funded by the UKRI Innovation Scholars (MR/V038680/1),genomics,EN,yes,,"genomics, variant calling, data processing, bioinformatics",onlineCourse,CC-BY 4.0,Cloud-SPAN,Cloud-SPAN,Schema.org • V29.2 | 2025-05-15,Schema.org,"Bioinformatics: Understanding of genomic data analysis, Bioinformatics: Understanding of variant calling, Data management: Understanding of data integrity and quality control in bioinformatics",12 hours,https://cloud-span.github.io/genomics-course,
Statistically Useful Experimental Design,,textual,"Undergraduate student, Postgraduate taught student, Postgraduate research student, Researcher, Clinician, Industry, Public sector, Research Software Engineer, Bioinformatican, Research skills educator","Buenabad-Chavez, J., Cansdale, A., Chong, J., Forrester, S., Greeves, E., & Rand, E",yes,,,Cloud-SPAN,Licensed under CC-BY 4.0 2021–24 by Cloud-SPAN,2021,"Rand, E., & colleagues. (2023). Cloud-SPAN Statistically Useful Experimental Design Course [Training material]. Cloud-SPAN, University of York. Retrieved from https://cloud-span.github.io/experimental_design00-overview","Understand the principles of good experimental design for biological research, enabling robust and reproducible statistical analysis.",,level1,no,,UKRI,Cloud-SPAN. Funded by the UKRI Innovation Scholars (MR/V038680/1),experimental_design,EN,yes,,"experimental design, statistics, replication, reproducibility, biological research",onlineCourse,CC-BY 4.0,Cloud-SPAN,Cloud-SPAN,Schema.org • V29.2 | 2025-05-15,Schema.org,"Experimental Design: Understanding of experimental design principles in metagenomics, Experimental Design: Understanding of principles for robust and reproducible research, Experimental Design: Understanding foundations of experimental design for machine learning, Classical statistics: Understanding of high-dimensional data challenges, Classical statistics: Understanding of correlation and multicollinearity",2 hours,https://cloud-span.github.io/experimental_design00-overview,
Image Analysis for Microscopy,,textual,"Bioinformatican, Postgraduate research student, Postgraduate taught student",Health+BioscienceIDEAS,yes,,"Meechan, Kimberly; Thompson, Stephen; Prins, Stella",Health+BioscienceIDEAS,CC-BY 4.0,2025,Health+BioscienceIDEAS,Introduction to the fundamentals of imaging data that has been acquired through light microscopy experiments and usage of Napari.,,level1,no,,UKRI,Health and bioscience IDEAS. Funded by UKRI Innovation Scholars (MR/V03863X/1). ,microscopy-novice,EN,yes,,"bioinformatics, microscopy, python, napari","In-person, onlineCourse",CC-BY 4.0,IDEAS,IDEAS,Schema.org • V29.2 | 2025-05-15,Schema.org,"Image processing: Understanding of basics of image analysis, Bioscience: Plant phenotyping",1.5 days,https://healthbioscienceideas.github.io/microscopy-novice/,0.9
Introduction to Image Analysis for Plant Phenotyping,,visual,"Undergraduate student, Postgraduate taught student, Postgraduate research student, Researcher, Engineer, Trainer, Industry, Public sector, Research Software Engineer","French, Andrew; Pridmore, Tony; Mellor, Nathan",,,,"dataCAMPP, FutureLearn",,2022,"French, Andrew; Pridmore, Tony; Mellor, Nathan","This six-week course from the University of Nottingham will introduce you to the fundamentals of image analysis and its applications in plant phenotyping. You’ll learn how to use imaging technologies to collect data from images and perform detailed analyses. By the end of the course, you’ll be able to extract meaningful information from image data without any destruction or harm to the subjects of your study.",,level3,no,,UKRI,Data CAMPP. Funded by UKRI Innovation Scholars (MR/V038850/1).,introduction-to-image-analysis-for-plant-phenotyping,EN,yes,,"image analysis, plant phenotyping",onlineCourse,,data CAMPP,data CAMPP,Schema.org • V29.2 | 2025-05-15,Schema.org,Image processing: Understanding of basics of image analysis,18 hours,https://www.futurelearn.com/courses/introduction-to-image-analysis-for-plant-phenotyping,
Introduction to Python for Health Research,,visual,"Postgraduate research student, Researcher, Clinician, Industry","Roberts, Angus; Stahl, Daniel; Abdullah, Zahra; Langham, John;",,,,King's College London,,2022,"Roberts, Angus; Stahl, Daniel; Abdullah, Zahra; Langham, John;","By the end of this module, you will be able to use Python to import and manipulate datasets, and be confident in performing programming operations such as using conditionals, loops, and functions, as well as conducting basic statistical analyses.",,level2,,,UKRI,Innovation Scholars Big Data Skills Training. Funded by UKRI Innovation Scholars (MR/V038664/1). ,introduction-to-python-for-health-research,EN,yes,,"programming, python",onlineCourse,,Big Data Revolution,Big Data Revolution,Schema.org • V29.2 | 2025-05-15,Schema.org,Python Programming:,20 hours,https://learninghub.kingshealthpartners.org/course/introduction-to-python-for-health-research,
Making clinical datasets FAIR,,"textual,  visual","Postgraduate taught student, Postgraduate research student, Researcher, Clinician, Trainer, Industry, Public sector, Research Software Engineer, Bioinformatican, Open Research Specialist, Research skills educator","Sandra Ng, Tim Beck, Katarzyna Kamieniecka, Krzysztof Poterlowicz ",,,,ELIXIR-UK,CC BY 4.0,2023,"Sandra Ng, Tim Beck, Katarzyna Kamieniecka, Krzysztof Poterlowicz ","In this tutorial, you will learn the benefits of making clinical datasets FAIR (Findable, Accessible, Interoperable, and Reusable) and how to make them FAIR.",,level1,,,UKRI,ELIXIR-UK: FAIR data stewardship training. Funded by UKRI Innovation Scholars (MR/V038966/1).,gtn-tutorial-fair-clinical-data,EN,yes,,"FAIR, Clinical Dataset, Dataset, Metadata",onlineCourse,CC BY 4.0,ELIXIR,ELIXIR,Schema.org • V29.2 | 2025-05-15,Schema.org,"Data management: Ability to get clinical annotation from data providers, Data management: Ability to make clinical datasets FAIR, Data management: Ability to ccheck the FAIRnes of the clinical records",1 hours,https://fellowship.elixiruknode.org/latest/gtn-tutorial-fair-clinical-data,
Sequence data submission to ENA,,textual,"Postgraduate taught student, Postgraduate research student, Researcher, Clinician, Trainer, Industry, Public sector, Research Software Engineer, Bioinformatican, Open Research Specialist, Research skills educator","Sonal Henson, Munazah Andrabi, Katarzyna Kamieniecka, Krzysztof Poterlowicz ",,,,ELIXIR-UK,CC BY 4.0,2023,"Sonal Henson, Munazah Andrabi, Katarzyna Kamieniecka, Krzysztof Poterlowicz ",In this Galaxy Training Network tutorial you will lear To populate ENA metadata objects through the Webin portal and to submit raw reads to ENA using FTP,,level1,,,UKRI,ELIXIR-UK: FAIR data stewardship training. Funded by UKRI Innovation Scholars (MR/V038966/1).,gtn-tutorial-ena-sequence-submission,EN,yes,,,onlineCourse,CC BY 4.0,ELIXIR,ELIXIR,Schema.org • V29.2 | 2025-05-15,Schema.org,,,https://fellowship.elixiruknode.org/latest/gtn-tutorial-ena-sequence-submission,
FAIR data management solutions,,textual,"Postgraduate taught student, Postgraduate research student, Researcher, Clinician, Trainer, Industry, Public sector, Research Software Engineer, Bioinformatican, Open Research Specialist","Katarzyna Kamieniecka, Krzysztof Poterlowicz ",,,,ELIXIR-UK,CC BY 4.0,2023,"Katarzyna Kamieniecka, Krzysztof Poterlowicz ","This tutorial is a short introduction to the FAIR data management framework.",,level1,,,UKRI,ELIXIR-UK: FAIR data stewardship training. Funded by UKRI Innovation Scholars (MR/V038966/1).,gtn-tutorial-fair-data-management-solutions,EN,yes,,,onlineCourse,CC BY 4.0,ELIXIR,ELIXIR,Schema.org • V29.2 | 2025-05-15,Schema.org,,,https://fellowship.elixiruknode.org/latest/gtn-tutorial-fair-data-management-solutions,
Recommended Metadata for Biological Images,,"textual,  visual","Postgraduate taught student, Postgraduate research student, Researcher, Clinician, Trainer, Industry, Public sector, Research Software Engineer, Bioinformatican, Open Research Specialist, Research skills educator","Laura Cooper, Julia Jakiela, Katarzyna Kamieniecka, Krzysztof Poterlowicz",,,,ELIXIR-UK,CC BY 4.0,2023,"Laura Cooper, Julia Jakiela, Katarzyna Kamieniecka, Krzysztof Poterlowicz","In this Galaxy Training Network tutorial you will organise bioimage metadata, find out what REMBI is and why it is useful, categorise what metadata belongs to each of the submodules of REMBI and gather the metadata for an example bioimage dataset",,level1,,,UKRI,ELIXIR-UK: FAIR data stewardship training. Funded by UKRI Innovation Scholars (MR/V038966/1).,gtn-tutorial-rembi-metadata,EN,yes,,,onlineCourse,CC BY 4.0,ELIXIR,ELIXIR,Schema.org • V29.2 | 2025-05-15,Schema.org,,,https://fellowship.elixiruknode.org/latest/gtn-tutorial-rembi-metadata,
"Filter, plot and explore single-cell RNA-seq data",,"textual,  visual","Postgraduate taught student, Postgraduate research student, Researcher, Clinician, Trainer, Research Software Engineer, Bioinformatican, Research skills educator, Undergraduate student","Julia Jakiela, Wendi Bacon ",,,,ELIXIR-UK,CC BY 4.0,2023,"Julia Jakiela, Wendi Bacon ","This is a Galaxy tutorial to use Scanpy for single cell analysis",,level2,,,UKRI,ELIXIR-UK: FAIR data stewardship training. Funded by UKRI Innovation Scholars (MR/V038966/1).,gtn-tutorial-single-cell,EN,yes,,,onlineCourse,CC BY 4.0,ELIXIR,ELIXIR,Schema.org • V29.2 | 2025-05-15,Schema.org,,,https://fellowship.elixiruknode.org/latest/gtn-tutorial-single-cell,
FAIR Bioimage Metadata,,textual,"Undergraduate student, Postgraduate taught student, Postgraduate research student, Researcher, Clinician, Trainer, Research Software Engineer, Bioinformatican, Open Research Specialist, Research skills educator","Laura Coope, Julia Jakiela, Katarzyna Kamieniecka, Krzysztof Poterlowicz",,,,ELIXIR-UK,CC BY 4.0,2023,"Laura Coope, Julia Jakiela, Katarzyna Kamieniecka, Krzysztof Poterlowicz","In this Galaxy Training Network tutorial you will locate bioimage data repositories, compare repositories to find which are suitable for your data and find out what the requirements are for submitting",,level2,,,UKRI,ELIXIR-UK: FAIR data stewardship training. Funded by UKRI Innovation Scholars (MR/V038966/1).,gtn-tutorial-bioimage-metadata-course,EN,yes,,,onlineCourse,CC BY 4.0,ELIXIR,ELIXIR,Schema.org • V29.2 | 2025-05-15,Schema.org,,,https://fellowship.elixiruknode.org/latest/gtn-tutorial-bioimage-metadata-course,
RNA-req Data readiness for machine learning applications,,textual,"Postgraduate taught student, Postgraduate research student, Researcher, Clinician, Engineer, Trainer, Industry, Public sector, Research Software Engineer, Bioinformatican, Open Research Specialist, Research skills educator","Edward Parkinson, Munazah Andrabi, Katarzyna Kamieniecka",,,,ELIXIR-UK,CC BY 4.0,2023,"Edward Parkinson, Munazah Andrabi, Katarzyna Kamieniecka","This lesson provides a practical guide to sourcing and pre-processing a bulk RNA-Seq dataset for use in a machine learning classification task. The lessons explains the characteristics of a dataset required for this type of analysis, how to search for and download a dataset from each of the main public functional genomics repositories, and then provides guidelines on how to pre-process a dataset to make it machine learning ready, with detailed examples. The lesson finally explains some of the additional data filtering and transformation steps that will improve the performance of machine learning algorithms using RNA-Seq count data.
The lesson is written in the context of a supervised machine learning classification modelling task, where the goal is to construct a model that is able to differentiate two different disease states (e.g. disease vs. healthy control) based on the gene expression profile.",,level3,,,UKRI,ELIXIR-UK: FAIR data stewardship training. Funded by UKRI Innovation Scholars (MR/V038966/1).,carpentries-course-rna-seq-ml,EN,yes,,,onlineCourse,CC BY 4.0,ELIXIR,ELIXIR,Schema.org • V29.2 | 2025-05-15,Schema.org,,,https://fellowship.elixiruknode.org/latest/carpentries-course-rna-seq-ml,
FAIR Galaxy Training Material,,textual,"Postgraduate taught student, Postgraduate research student, Researcher, Clinician, Engineer, Trainer, Industry, Public sector, Research Software Engineer, Bioinformatican, Open Research Specialist, Research skills educator","
Katarzyna Kamieniecka, Krzysztof Poterlowicz",,,,ELIXIR-UK,CC BY 4.0,2023,"Katarzyna Kamieniecka, Krzysztof Poterlowicz ","This tutorial outlines how to set and use existing resources to make Galaxy training development and content creation FAIR.",,level2,,,UKRI,ELIXIR-UK: FAIR data stewardship training. Funded by UKRI Innovation Scholars (MR/V038966/1).,gtn-tutorial-fair-galaxy-training,EN,yes,,,onlineCourse,CC BY 4.0,ELIXIR,ELIXIR,Schema.org • V29.2 | 2025-05-15,Schema.org,,,https://fellowship.elixiruknode.org/latest/gtn-tutorial-fair-galaxy-training,
FAIR in a nutshell,,textual,"Postgraduate taught student, Undergraduate student, Postgraduate research student, Researcher, Clinician, Engineer, Trainer, Industry, Public sector, Research Software Engineer, Bioinformatican, Open Research Specialist, Research skills educator","
Katarzyna Kamieniecka, Krzysztof Poterlowicz",,,,ELIXIR-UK,CC BY 4.0,2023,"Katarzyna Kamieniecka, Krzysztof Poterlowicz ","This tutorial is a short introduction to the FAIR principles and their origin. You can find out more at the FAIR Pointers online course.",,level2,,,UKRI,ELIXIR-UK: FAIR data stewardship training. Funded by UKRI Innovation Scholars (MR/V038966/1).,gtn-tutorial-fair-in-a-nutshell,EN,yes,,,onlineCourse,CC BY 4.0,ELIXIR,ELIXIR,Schema.org • V29.2 | 2025-05-15,Schema.org,,,https://fellowship.elixiruknode.org/latest/gtn-tutorial-fair-in-a-nutshell,
FAIR data management for Long-term agriculture experiments,,textual,"Postgraduate taught student, Postgraduate research student, Researcher, Trainer, Industry, Public sector, Research Software Engineer, Bioinformatican, Open Research Specialist, Research skills educator, Undergraduate student",Richard Ostler,,,,ELIXIR-UK,CC BY 4.0,2023,Richard Ostler,"This lesson is aimed at long-term agricultural experiment (LTE) managers, and researchers interested in using long-term agricultural experiment data, who want to apply FAIR principles and good research data management practices to their LTE data. While the target audience for this lesson is therefore LTE managers and researchers, the lesson covers many data management and FAIR data topics relevant to a broader audience working on agricultural field trials.",,level1,,,UKRI,ELIXIR-UK: FAIR data stewardship training. Funded by UKRI Innovation Scholars (MR/V038966/1).,carpentries-course-agricultural-data-long-term,EN,yes,,,onlineCourse,CC BY 4.0,ELIXIR,ELIXIR,Schema.org • V29.2 | 2025-05-15,Schema.org,,,https://fellowship.elixiruknode.org/latest/carpentries-course-agricultural-data-long-term,
FAIR pointers,,,,"Robert Andrews, Nick Juty, Munazah Andrabi, Nicola Soranzo, Sara Morsy, Kellie Snow, Korneel Hens, Philippe Rocca-Serra, Laura Cooper, Xenia Perez Sitja, Andrew Mason, Branka Franicevic, Saskia Lawson-Tovey, Krzysztof Poterlowicz, Katarzyna Kamieniecka",,,,ELIXIR-UK,CC BY 4.0,2023,"Robert Andrews, Nick Juty, Munazah Andrabi, Nicola Soranzo, Sara Morsy, Kellie Snow, Korneel Hens, Philippe Rocca-Serra, Laura Cooper, Xenia Perez Sitja, Andrew Mason, Branka Franicevic, Saskia Lawson-Tovey, Krzysztof Poterlowicz, Katarzyna Kamieniecka","This short Carpentries-style course caters for people working in the Life Sciences with little or no experience with the FAIR principles (Findable, Accessible, Interoperable, Reusable). The course aims to concisely introduce FAIR, its concepts and terminology and supplement all material with signposting to helpful FAIR resources. These resources include RDMkit, FAIR Cookbook, RDMbites, FAIRsharing and the Data Stewardship Wizard, offered through the ELIXIR open-access infrastructure, supporting FAIR research data management.",,level1,,,UKRI,ELIXIR-UK: FAIR data stewardship training. Funded by UKRI Innovation Scholars (MR/V038966/1).,carpentries-course-fair-pointers,EN,yes,,,onlineCourse,CC BY 4.0,ELIXIR,ELIXIR,Schema.org • V29.2 | 2025-05-15,Schema.org,,,https://fellowship.elixiruknode.org/latest/carpentries-course-fair-pointers,
Workflows with Nextflow,,textual,"Undergraduate student, Postgraduate taught student, Researcher, Clinician, Industry, Bioinformatican, Open Research Specialist, Public sector","Grimes, G. R., Floden, E., Di Tommaso, P., Ewels, P., & Garcia, M.",,,,Ed-DaSH,CC BY 4.0,2022,"Grimes, G. R., Floden, E., Di Tommaso, P., Ewels, P., & Garcia, M. (2021). Introduction to Workflows with Nextflow and nf-core. https://github.com/carpentries-incubator/workflows-nextflow",Introduction to bioinformatics workflows with Nextflow and nf-core. Nextflow is a workflow management system for building and sharing computational pipelines that facilitate reproducible data science workflows. nf-core is a community-led repository of high quality bioinformatics workflows using Nextflow.,,level2,no,,UKRI,Ed-DASH Funded by UKRI Innovation Scholars (MR/V039075/1). ,nextflow,EN,yes,"https://seqera.io/training/, https://nf-co.re/usage/tutorials/nf_core_tutorial",,onlineCourse,CC BY 4.0,Ed-DaSH,Ed-DaSH,Schema.org • V29.2 | 2025-05-15,Schema.org,,16.5 hours,https://carpentries-incubator.github.io/workflows-nextflow/,
Workflows with Snakemake,,textual,"Undergraduate student, Postgraduate taught student, Postgraduate research student, Researcher, Clinician, Research Software Engineer, Bioinformatican, Open Research Specialist, Industry, Public sector","Booth, T., Medd, N., Dunn-Davies, H., Emelianova, K., & Turner, F.",,,,Ed-DaSH,CC BY 4.0,2021,"Booth, T., Medd, N., Dunn-Davies, H., Emelianova, K., & Turner, F. (2021). Bioinformatics workflows with Snakemake. https://carpentries-incubator.github.io/snakemake-novice-bioinformatics/","Learn to create reproducible and scalable bioinformatics workflows with Snakemake. Covers core Snakemake syntax, chaining rules, parallel execution, and Conda integration using RNA-seq analysis examples.",,level2,no,,UKRI,Ed-DASH Funded by UKRI Innovation Scholars (MR/V039075/1). ,snakemake,EN,yes,,,onlineCourse,CC BY 4.0,Ed-DaSH,Ed-DaSH,Schema.org • V29.2 | 2025-05-15,Schema.org,,19.5 hours,https://carpentries-incubator.github.io/snakemake-novice-bioinformatics/,
FAIR in Biological Practice,,textual,"Postgraduate taught student, Postgraduate research student, Researcher, Clinician, Open Research Specialist, Bioinformatican, Research Software Engineer, Industry, Undergraduate student, Public sector","Zieliński, T. & Romanowski, A.",,,,Ed-DaSH,CC BY 4.0,2022,"Zieliński, T. & Romanowski, A. (2022). FAIR in (biological) practice. https://carpentries-incubator.github.io/fair-bio-practice/","Hands-on workshop on Open Science and FAIR (Findable, Accessible, Interoperable, Reusable) principles for biological research. Covers practical application of FAIR principles throughout project life cycles, including data management, metadata, file organisation, and data sharing.",,level1,no,,UKRI,Ed-DASH Funded by UKRI Innovation Scholars (MR/V039075/1). ,fair-bio-practice,EN,yes,,,onlineCourse,CC BY 4.0,Ed-DaSH,Ed-DaSH,Schema.org • V29.2 | 2025-05-15,Schema.org,,16 hours,https://carpentries-incubator.github.io/fair-bio-practice/,
High Dimentional Statistics in R,,textual,"Undergraduate student, Postgraduate taught student, Postgraduate research student, Researcher, Clinician, Industry, Research Software Engineer, Bioinformatican, Open Research Specialist, Public sector","O'Callaghan, A., Ewing, A., & Vallejos, C.",,,,Ed-DaSH,CC BY 4.0,2022,"O'Callaghan, A., Ewing, A., & Vallejos, C. (2022). High-dimensional statistics with R. https://carpentries-incubator.github.io/high-dimensional-stats-r/",,"Statistical and computational methods for extremely high-dimensional data in biomedical and health sciences (gene expression, DNA methylation, health records). Covers high-dimensional regression, dimensionality reduction, and clustering.",level2,no,,UKRI,Ed-DASH Funded by UKRI Innovation Scholars (MR/V039075/1). ,high-dim-stats-r,EN,yes,,,onlineCourse,CC BY 4.0,Ed-DaSH,Ed-DaSH,Schema.org • V29.2 | 2025-05-15,Schema.org,,12 hours,https://carpentries-incubator.github.io/high-dimensional-stats-r/,
Introduction to Conda,,textual,"Undergraduate student, Postgraduate taught student, Postgraduate research student, Researcher, Clinician, Industry, Research Software Engineer, Bioinformatican, Open Research Specialist, Public sector","Pugh, D. R.",,,,Ed-DaSH,CC BY 4.0,2020,"Pugh, D. R. (2020). Introduction to Conda for (Data) Scientists. https://carpentries-incubator.github.io/introduction-to-conda-for-data-scientists/","Introduction to Conda package and environment management system for reproducible data science workflows. Covers creating, saving, loading, and switching between environments on Windows, macOS and Linux for Python, R, and other languages.",,level1,no,,UKRI,Ed-DASH Funded by UKRI Innovation Scholars (MR/V039075/1). ,intro-conda,EN,yes,,,onlineCourse,CC BY 4.0,Ed-DaSH,Ed-DaSH,Schema.org • V29.2 | 2025-05-15,Schema.org,,4 hours,https://carpentries-incubator.github.io/introduction-to-conda-for-data-scientists/,
Introduction to Machine Learning In Python,,"textual, auditory","Postgraduate taught student, Postgraduate research student, Researcher, Clinician, Industry, Public sector, Research Software Engineer, Bioinformatican, Open Research Specialist","Pollard, Tom; Peru, Giacomo",,,,Ed-DaSH,CC BY 4.0,2022,"Pollard, Tom; Peru, Giacomo (2022). Introduction to Machine Learning in Python. https://carpentries-incubator.github.io/machine-learning-novice-python/","Applied machine learning in Python using health data. Covers data preparation, resampling, model training, and performance evaluation including decision trees, neural networks, and responsible machine learning practices.",,level2,no,,UKRI,Ed-DASH Funded by UKRI Innovation Scholars (MR/V039075/1). ,ml-python,EN,yes,,,onlineCourse,CC BY 4.0,Ed-DaSH,Ed-DaSH,Schema.org • V29.2 | 2025-05-15,Schema.org,,12 hours,https://carpentries-incubator.github.io/machine-learning-novice-python/,
Introduction to Statistics with R,,textual,"Undergraduate student, Postgraduate taught student, Postgraduate research student, Researcher, Clinician, Research Software Engineer, Bioinformatican, Open Research Specialist, Industry","Herman, E., Rand, E., & Stewart, A.",,,,Ed-DaSH,CC BY 4.0,2022,"Herman, E., Rand, E., & Stewart, A. (2022). Statistical analysis for public health. https://carpentries-incubator.github.io/statistics-r-public-health/","Statistical analysis in R covering statistical thinking, simple linear regression, multiple linear regression and logistic regression. Examples use public health data but methods are relevant to life, health and social sciences researchers.",,level1,,,UKRI,Ed-DASH Funded by UKRI Innovation Scholars (MR/V039075/1). ,intro-stats-r,EN,yes,,,onlineCourse,CC BY 4.0,Ed-DaSH,Ed-DaSH,Schema.org • V29.2 | 2025-05-15,Schema.org,,12 hours,https://carpentries-incubator.github.io/statistics-r-public-health/,
Python Fundamentals,,"textual, visual","Postgraduate research student, Researcher, Clinician, Research Software Engineer, Bioinformatican, Research skills educator, Postgraduate taught student",Learn to Discover (L2D),no,"Computing: Understanding of hierarchical filesystems including root and home directories, Computing: Understanding of File types and formats including plain text files and the relation between file types and file extensions",,Learn to Discover (L2D),© Learn to Discover (L2D). All rights reserved.,2025,,"A comprehensive introduction to programming in Python for learners with limited or no prior experience. The module covers core programming concepts, algorithmic thinking, input/output, variables and data types, logical operations, conditionals, iterations, functions, basic data structures, and working with arrays, lists, tuples and strings. It prepares learners for data-focused work and is a prerequisite for subsequent L2D modules in Data Handling and Machine Learning.",Introductory Python programming for data science in biosciences and medicine,level1,no,,UKRI,Learn to Discover (L2D). Funded by UKRI Innovation Scholars,,en,no,,,onlineCourse,CC BY 4.0,L2D,L2D,Schema.org • V29.2 | 2025-05-15,Schema.org,"Computing: Ability to use an integrated development environment (IDE) or notebook environment such as Jupyter, ""Computing: Understanding of the difference between scripts, notebooks and interactive shells"", ""Python Programming: Ability to use variables and basic data types such as integers, floats, strings and booleans"", ""Python Programming: Ability to use control flow including if, elif, else statements"", Python Programming: Ability to use loops such as for and while to process data, Python Programming: Ability to define and call functions with arguments and return values, ""Python Programming: Ability to work with built-in data structures such as lists, tuples and dictionaries"", Python Programming: Ability to read from and write to files in Python, Python Programming: Ability to handle basic errors and exceptions in Python code, Python Programming: Ability to write simple Python scripts to automate repetitive tasks, Python Programming: Ability to use virtual environments and install packages using pip",6 hours,https://learntodiscover.ai/product/basic-python-2025/,2025.1
Data Handling,,"textual, visual","Postgraduate research student, Researcher, Clinician, Research Software Engineer, Bioinformatican, Research skills educator, Postgraduate taught student",Learn to Discover (L2D),no,"Computing: Ability to use an integrated development environment (IDE) or notebook environment such as Jupyter, ""Computing: Understanding of the difference between scripts, notebooks and interactive shells"", ""Python Programming: Ability to use variables and basic data types such as integers, floats, strings and booleans"", ""Python Programming: Ability to use control flow including if, elif, else statements"", Python Programming: Ability to use loops such as for and while to process data, Python Programming: Ability to define and call functions with arguments and return values, ""Python Programming: Ability to work with built-in data structures such as lists, tuples and dictionaries"", Python Programming: Ability to read from and write to files in Python, Python Programming: Ability to handle basic errors and exceptions in Python code, Python Programming: Ability to write simple Python scripts to automate repetitive tasks, Python Programming: Ability to use virtual environments and install packages using pip",,Learn to Discover (L2D),© Learn to Discover (L2D). All rights reserved.,2025,,"A hands-on introduction to data handling in Python, building directly on the Python Fundamentals module. Learners work with NumPy arrays and pandas DataFrames to import, clean, manipulate, analyse and visualise numerical, tabular and image data. Topics include univariate and multivariate analysis, basic statistics, plotting with Matplotlib, and good practice in data workflows. Successful completion is a compulsory prerequisite for the Machine Learning module.",Introductory data handling and visualisation for data science in biosciences and medicine,level2,no,,UKRI,Learn to Discover (L2D). Funded by UKRI Innovation Scholars,L2D-DATA-HANDLING-2025,en,no,https://learntodiscover.ai/product/basic-python-2025/,,onlineCourse,CC BY 4.0,L2D,L2D,Schema.org • V29.2 | 2025-05-15,Schema.org,"Classical statistics: Understanding independent/expanatory variables and dependent/response variables, ""Classical statistics: Understanding variable types such as discrete, nominal, ordinal, continuous"", Classical statistics: Understanding that variables have distributions, Python Programming: Ability to work with Python libraries for scientific computing such as NumPy and pandas, Python Programming: Ability to use NumPy arrays for numerical computing, Python Programming: Ability to create and manipulate pandas DataFrames, Python Programming: Ability to import tabular data from CSV and Excel files into pandas, Python Programming: Ability to clean data including handling missing values and inconsistent entries, ""Python Programming: Ability to filter, sort and subset tabular data using pandas"", Python Programming: Ability to group and aggregate data in pandas, Python Programming: Ability to merge and join multiple DataFrames, ""Python Programming: Ability to calculate descriptive statistics such as mean, median, variance and quantiles in Python"", ""Python Programming: Ability to create basic data visualisations including histograms, boxplots, scatter plots and line plots"", Python Programming: Ability to use Matplotlib or similar libraries for publication-quality plots, Data management: Ability to document and share data analysis workflows, Data management: Understanding of data integrity and quality control in bioinformatics, Data management: Ability to use version control systems for data analysis projects",6 hours,https://learntodiscover.ai/product/__trashed/,2025.1
Network Science,,"textual, visual","Postgraduate research student, Researcher, Clinician, Research Software Engineer, Bioinformatican, Research skills educator, Postgraduate taught student",Learn to Discover (L2D),no,"Classical statistics: Understanding independent/expanatory variables and dependent/response variables, ""Classical statistics: Understanding variable types such as discrete, nominal, ordinal, continuous"", Classical statistics: Understanding that variables have distributions, Python Programming: Ability to work with Python libraries for scientific computing such as NumPy and pandas, Python Programming: Ability to use NumPy arrays for numerical computing, Python Programming: Ability to create and manipulate pandas DataFrames, Python Programming: Ability to import tabular data from CSV and Excel files into pandas, Python Programming: Ability to clean data including handling missing values and inconsistent entries, ""Python Programming: Ability to filter, sort and subset tabular data using pandas"", Python Programming: Ability to group and aggregate data in pandas, Python Programming: Ability to merge and join multiple DataFrames, ""Python Programming: Ability to calculate descriptive statistics such as mean, median, variance and quantiles in Python"", ""Python Programming: Ability to create basic data visualisations including histograms, boxplots, scatter plots and line plots"", Python Programming: Ability to use Matplotlib or similar libraries for publication-quality plots, Data management: Ability to document and share data analysis workflows, Data management: Understanding of data integrity and quality control in bioinformatics, Data management: Ability to use version control systems for data analysis projects",,Learn to Discover (L2D),© Learn to Discover (L2D). All rights reserved.,2025,,"A practical introduction to network science for data-rich bioscience and medical applications. Learners explore graphs and network representations of complex systems, network measures and quantification, and network visualisation. The module focuses on applying network analysis techniques to real-world case studies, with an emphasis on interpreting results in a research context.",Introductory network science for data science in biosciences and medicine,level2,no,,UKRI,Learn to Discover (L2D). Funded by UKRI Innovation Scholars,L2D-NETWORK-SCIENCE-2025,en,no,https://learntodiscover.ai/product/basic-python-2025/,,onlineCourse,CC BY 4.0,L2D,L2D,Schema.org • V29.2 | 2025-05-15,Schema.org,"Network Science: Understanding of graphs as representations of complex systems, ""Network Science: Understanding of nodes, edges, degree and paths in networks"", Network Science: Ability to construct network representations from tabular data, ""Network Science: Ability to calculate basic network measures such as degree distribution, centrality and clustering coefficient"", Network Science: Ability to visualise networks using appropriate layouts, Network Science: Ability to interpret network measures in the context of bioscience or medical case studies",6 hours,https://learntodiscover.ai/product/network-science-module/,2025.1
Machine Learning,,"textual, visual","Postgraduate research student, Researcher, Clinician, Research Software Engineer, Bioinformatican, Research skills educator, Postgraduate taught student",Learn to Discover (L2D),no,"Network Science: Understanding of graphs as representations of complex systems, ""Network Science: Understanding of nodes, edges, degree and paths in networks"", Network Science: Ability to construct network representations from tabular data, ""Network Science: Ability to calculate basic network measures such as degree distribution, centrality and clustering coefficient"", Network Science: Ability to visualise networks using appropriate layouts, Network Science: Ability to interpret network measures in the context of bioscience or medical case studies",,Learn to Discover (L2D),© Learn to Discover (L2D). All rights reserved.,2025,,"An applied machine learning module building on Python programming and data handling skills. Learners implement supervised and unsupervised machine learning methods using scikit-learn, including classification algorithms, clustering and dimensionality reduction. The module covers model evaluation, performance improvement and robustness, and emphasises understanding why models work and what they reveal about data.",Applied machine learning for data science in biosciences and medicine,level2,no,,UKRI,Learn to Discover (L2D). Funded by UKRI Innovation Scholars,L2D-MACHINE-LEARNING-2025,en,no,https://learntodiscover.ai/product/basic-python-2025/; https://learntodiscover.ai/product/__trashed/,,onlineCourse,CC BY 4.0,L2D,L2D,Schema.org • V29.2 | 2025-05-15,Schema.org,"Machine Learning: Understanding machine learning techniques for bioscience image data , Machine Learning: Understanding of the difference between supervised and unsupervised learning, ""Machine Learning: Understanding of training, validation and test sets"", Machine Learning: Ability to train and evaluate classification models using scikit-learn, Machine Learning: Ability to train and evaluate regression models using scikit-learn, Machine Learning: Ability to apply clustering methods such as k-means, Machine Learning: Ability to use dimensionality reduction techniques such as PCA, Machine Learning: Ability to use cross-validation for model evaluation, ""Machine Learning: Ability to interpret common evaluation metrics such as accuracy, precision, recall and ROC AUC"", Machine Learning: Ability to identify and mitigate overfitting",8 hours,https://learntodiscover.ai/product/machine-learning/,2025.1
Artificial Intelligence,,"textual, visual","Postgraduate research student, Researcher, Clinician, Research Software Engineer, Bioinformatican, Research skills educator, Postgraduate taught student",Learn to Discover (L2D),no,"Machine Learning: Understanding machine learning techniques for bioscience image data , Machine Learning: Understanding of the difference between supervised and unsupervised learning, ""Machine Learning: Understanding of training, validation and test sets"", Machine Learning: Ability to train and evaluate classification models using scikit-learn, Machine Learning: Ability to train and evaluate regression models using scikit-learn, Machine Learning: Ability to apply clustering methods such as k-means, Machine Learning: Ability to use dimensionality reduction techniques such as PCA, Machine Learning: Ability to use cross-validation for model evaluation, ""Machine Learning: Ability to interpret common evaluation metrics such as accuracy, precision, recall and ROC AUC"", Machine Learning: Ability to identify and mitigate overfitting",,Learn to Discover (L2D),© Learn to Discover (L2D). All rights reserved.,2025,,"An advanced module that builds on the Machine Learning component of the L2D curriculum. The module introduces core concepts in artificial intelligence, focusing on three primary AI paradigms (for example, logical/symbolic approaches, probabilistic methods and modern neural approaches). Learners examine how AI systems are constructed, their applications in research, and the broader implications of AI in bioscience and medicine.",Advanced artificial intelligence concepts and applications for research,level3,no,,UKRI,Learn to Discover (L2D). Funded by UKRI Innovation Scholars,L2D-ARTIFICIAL-INTELLIGENCE-2025,en,no,https://learntodiscover.ai/product/machine-learning/,,onlineCourse,CC BY 4.0,L2D,L2D,Schema.org • V29.2 | 2025-05-15,Schema.org,"""Artificial Intelligence: Understanding of symbolic, probabilistic and neural approaches to AI"", ""Artificial Intelligence: Understanding of how AI systems are constructed from data, models and objectives"", Artificial Intelligence: Ability to compare strengths and limitations of different AI paradigms for research problems, ""Artificial Intelligence: Awareness of ethical, legal and social implications of AI in bioscience and medicine"", Artificial Intelligence: Understanding of the relationship between classical machine learning and modern AI systems",8 hours,https://learntodiscover.ai/product/artificial-intelligence-ai/,2025.1
Introduction to Plant Phenotyping Technologies,,visual,"Undergraduate student, Postgraduate taught student, Postgraduate research student, Researcher, Industry, Public sector, Research Software Engineer, Research skills educator, Trainer","Atkinson, Jonathan; Postnikov, Andrey; Gaju, Oorbessy",,,,"dataCAMPP, FutureLearn",FutureLearn. All rights reserved. ,,"Atkinson, Jonathan; Postnikov, Andrey; Gaju, Oorbessy","On this four-week course, you’ll delve into some of the various technologies used in plant phenotyping, learning about data generation in different environments – both the advantages and challenges. By the end of the course, you‘ll be able to demonstrate understanding of plant phenotyping concepts on several levels: from basic principles to modern state, challenges, and different robot kits for data collection.",,level2,,,UKRI,Data CAMPP. Funded by UKRI Innovation Scholars (MR/V038850/1).,plant-phenotyping-technologies,EN,yes,,plant phenotyping,onlineCourse,,data CAMPP,data CAMPP,Schema.org • V29.2 | 2025-05-15,Schema.org,Bioscience: Plant phenotyping,4 hours ,https://www.futurelearn.com/courses/plant-phenotyping-technologies,
Machine Learning for Image Data,,visual,"Undergraduate student, Postgraduate taught student, Postgraduate research student, Researcher, Trainer, Industry, Public sector, Research Software Engineer, Bioinformatican, Research skills educator","French, Andrew; Parsons, Simon",,,,"dataCAMPP, FutureLearn",FutureLearn. All rights reserved. ,,"French, Andrew; Parsons, Simon","On this five-week course from the University of Nottingham, you’ll gain an overview of the applications of machine learning for image data, focusing specifically on its use in plant phenotyping.",,level4,,,UKRI,Data CAMPP. Funded by UKRI Innovation Scholars (MR/V038850/1).,machine-learning-for-image-data,EN,yes,,"machine learning, image analysis, plant phenotyping",onlineCourse,,data CAMPP,data CAMPP,Schema.org • V29.2 | 2025-05-15,Schema.org,"Machine Learning: Understanding machine learning techniques for bioscience image data, Image processing: Understanding of basics of image analysis",15 hours ,https://www.futurelearn.com/courses/machine-learning-for-image-data,
Experimental Design for Machine Learning,,visual,"Undergraduate student, Postgraduate taught student, Postgraduate research student, Researcher, Trainer, Engineer, Industry, Public sector, Research Software Engineer, Bioinformatican, Research skills educator","Pound, Michael; French, Andrew; Mellor, Nathan",,,,"dataCAMPP, FutureLearn",FutureLearn. All rights reserved. ,,"Pound, Michael; French, Andrew; Mellor, Nathan","This course is designed to bridge the gap between theoretical knowledge and practical application, providing a comprehensive understanding of how experimental design principles can optimise machine learning outcomes. By the end of this course, you’ll have a deep understanding of how experimental design supports machine learning, driving innovation in biosciences.",,level3,,,UKRI,Data CAMPP. Funded by UKRI Innovation Scholars (MR/V038850/1).,experimental-design-for-machine-learning,EN,yes,,"machine learning, plant phenotyping, experimental design",onlineCourse,,data CAMPP,data CAMPP,Schema.org • V29.2 | 2025-05-15,Schema.org,"Experimental Design: Understanding foundations of experimental design for machine learning , Machine Learning: Understanding ML methodologies",5 hours,https://www.futurelearn.com/courses/experimental-design-for-machine-learning,
Deep Learning for Bioscientists,,visual,"Undergraduate student, Postgraduate taught student, Postgraduate research student, Researcher, Trainer, Public sector, Research Software Engineer, Bioinformatican, Research skills educator","Pound, Michael; Mellor, Nathan",,,,"dataCAMPP, FutureLearn",FutureLearn. All rights reserved. ,,"Pound, Michael; Mellor, Nathan","On this five-week course, you’ll develop essential knowledge of deep learning to understand how it can help your research in bioscience. You’ll be guided through deep learning techniques and gain practical skills you can use outside of the course. Throughout the course, you’ll take part in practical exercises to cement your knowledge and ensure you can use your skills in your context.",,level5,,,UKRI,Data CAMPP. Funded by UKRI Innovation Scholars (MR/V038850/1).,deep-learning-for-bioscientists,EN,yes,,"deep learning, pytorch",onlineCourse,,data CAMPP,data CAMPP,Schema.org • V29.2 | 2025-05-15,Schema.org,"Machine Learning: Understanding deep learning, Machine Learning: Use of PyTorch for deep learning",15 hours ,https://www.futurelearn.com/courses/deep-learning-for-bioscientists,
Generative AI for Plant Phenotyping,,visual,"Undergraduate student, Postgraduate taught student, Postgraduate research student, Researcher, Trainer, Industry, Public sector, Research Software Engineer, Bioinformatican, Research skills educator","Pound, Michael; French, Andrew; Mellor, Nathan",,,,,,,"Pound, Michael; French, Andrew; Mellor, Nathan","On this five-week online course with the University of Nottingham, you’ll dive into the essentials of generative AI, including large language models (LLMs) and image generation methods. You’ll learn how to harness AI to address challenges like missing data and generate insightful visualisations to enhance your research. Through practical examples, you’ll explore how AI can be integrated into bioscience workflows, empowering you to make significant advancements in your field.",,level3,,,UKRI,Data CAMPP. Funded by UKRI Innovation Scholars (MR/V038850/1).,generative-ai-for-plant-phenotyping,EN,,,"generative AI, machine learning, plant phenotyping",onlineCourse,,data CAMPP,data CAMPP,Schema.org • V29.2 | 2025-05-15,Schema.org,Artificial Intelligence: Understanding generative AI methods,15 hours,URL Pending ,
Artificial Intelligence in Health Analytics,,visual,"Postgraduate research student, Researcher, Clinician, Industry","Cummins, Nicholas; Dinely, Judith; Stahl, Daniel; Abdullah, Zahra; Langham, John;",,,,King's College London,,2024,"Cummins, Nicholas; Dinely, Judith; Stahl, Daniel; Abdullah, Zahra; Langham, John;","
This course introduces you to the fundamental techniques and concepts necessary for understanding and implementing AI applications in healthcare. AI concepts covered include; an introduction to intelligent agents; problem-solving strategies such as evolutionary algorithms and particle swarm optimisation; constraint satisfaction problems; modelling uncertainty; and, learning methods including deep learning and reinforcement learning.

Throughout this course, you will gain valuable hands-on experience by implementing AI techniques, using real healthcare data examples, in Python as well as learning to assess and validate the resulting models.",,level1,,,UKRI,Innovation Scholars Big Data Skills Training. Funded by UKRI Innovation Scholars (MR/V038664/1). ,ai-in-health-analytics,EN,yes,,"programming, data processing, deep learning, python",onlineCourse,,Big Data Revolution,Big Data Revolution,Schema.org • V29.2 | 2025-05-15,Schema.org,"Artificial Intelligence: , Machine Learning: Understanding deep learning",30 hours,https://learninghub.kingshealthpartners.org/course/ai-in-health-analytics,
Introduction to R for Health Research,,visual,"Postgraduate research student, Researcher, Clinician, Industry, Public sector",,,,,King's College London,,,,,,,,,UKRI,Innovation Scholars Big Data Skills Training. Funded by UKRI Innovation Scholars (MR/V038664/1). ,,EN,yes,,,onlineCourse,,Big Data Revolution,Big Data Revolution,Schema.org • V29.2 | 2025-05-15,Schema.org,,,,
Unix and IT Infrastructure for Data Analysis,,visual,"Postgraduate research student, Researcher, Bioinformatican, Research Software Engineer",,,,,King's College London,,,,,,,,,UKRI,Innovation Scholars Big Data Skills Training. Funded by UKRI Innovation Scholars (MR/V038664/1). ,,EN,yes,,,onlineCourse,,Big Data Revolution,Big Data Revolution,Schema.org • V29.2 | 2025-05-15,Schema.org,,,,
Machine Learning for Health Research,,visual,"Postgraduate research student, Researcher, Clinician, Public sector",,,,,King's College London,,,,,,,,,UKRI,Innovation Scholars Big Data Skills Training. Funded by UKRI Innovation Scholars (MR/V038664/1). ,,EN,yes,,,onlineCourse,,Big Data Revolution,Big Data Revolution,Schema.org • V29.2 | 2025-05-15,Schema.org,,,,
Prediction Modelling for Health Research,,visual,"Postgraduate research student, Researcher, Clinician, Public sector",,,,,King's College London,,,,,,,,,UKRI,Innovation Scholars Big Data Skills Training. Funded by UKRI Innovation Scholars (MR/V038664/1). ,,EN,yes,,,onlineCourse,,Big Data Revolution,Big Data Revolution,Schema.org • V29.2 | 2025-05-15,Schema.org,,,,
Demystifying AI,,visual,"Postgraduate research student, Researcher, Clinician, Public sector",,,,,King's College London,,,,,,,,,UKRI,Innovation Scholars Big Data Skills Training. Funded by UKRI Innovation Scholars (MR/V038664/1). ,,EN,yes,,,onlineCourse,,Big Data Revolution,Big Data Revolution,Schema.org • V29.2 | 2025-05-15,Schema.org,,,,
Using Spreadsheets to Record Data and Metadata,,visual,"Bioinformatican, Public sector, Undergraduate student, Postgraduate research student, Researcher, Clinician, Engineer, Trainer, Research skills educator",,,,,King's College London,,,,,,,,,UKRI,Innovation Scholars Big Data Skills Training. Funded by UKRI Innovation Scholars (MR/V038664/1). ,,EN,yes,,,onlineCourse,,Big Data Revolution,Big Data Revolution,Schema.org • V29.2 | 2025-05-15,Schema.org,,,,
Intermediate Python and Software Engineering,,visual,"Postgraduate research student, Researcher, Clinician, Engineer, Research Software Engineer, Public sector",,,,,King's College London,,,,,,,,,UKRI,Innovation Scholars Big Data Skills Training. Funded by UKRI Innovation Scholars (MR/V038664/1). ,,EN,yes,,,onlineCourse,,Big Data Revolution,Big Data Revolution,Schema.org • V29.2 | 2025-05-15,Schema.org,,,,
NGS: Introduction and Pre-processing Pipeline,,visual,"Bioinformatican, Postgraduate research student, Researcher",,,,,King's College London,,,,,,,,,UKRI,Innovation Scholars Big Data Skills Training. Funded by UKRI Innovation Scholars (MR/V038664/1). ,,EN,yes,,,onlineCourse,,Big Data Revolution,Big Data Revolution,Schema.org • V29.2 | 2025-05-15,Schema.org,,,,
Basic R with Data Carpentry,,visual,"Postgraduate research student, Researcher, Bioinformatican",,,,,King's College London,,,,,,,,,UKRI,Innovation Scholars Big Data Skills Training. Funded by UKRI Innovation Scholars (MR/V038664/1). ,,EN,yes,,,onlineCourse,,Big Data Revolution,Big Data Revolution,Schema.org • V29.2 | 2025-05-15,Schema.org,,,,
Natural Language Processing for Health Research: Part 1,,visual,"Postgraduate research student, Researcher, Clinician, Public sector",,,,,King's College London,,,,,,,,,UKRI,Innovation Scholars Big Data Skills Training. Funded by UKRI Innovation Scholars (MR/V038664/1). ,,EN,yes,,,onlineCourse,,Big Data Revolution,Big Data Revolution,Schema.org • V29.2 | 2025-05-15,Schema.org,,,,
Introduction to Statistics,,visual,"Postgraduate research student, Researcher, Clinician, Public sector",,,,,King's College London,,,,,,,,,UKRI,Innovation Scholars Big Data Skills Training. Funded by UKRI Innovation Scholars (MR/V038664/1). ,,EN,yes,,,onlineCourse,,Big Data Revolution,Big Data Revolution,Schema.org • V29.2 | 2025-05-15,Schema.org,,,,
Statistics with R,,visual,"Postgraduate research student, Researcher, Clinician, Bioinformatican",,,,,King's College London,,,,,,,,,UKRI,Innovation Scholars Big Data Skills Training. Funded by UKRI Innovation Scholars (MR/V038664/1). ,,EN,yes,,,onlineCourse,,Big Data Revolution,Big Data Revolution,Schema.org • V29.2 | 2025-05-15,Schema.org,,,,
NGS: Single-cell RNA-sequencing Analysis,,visual,"Postgraduate research student, Researcher, Clinician, Bioinformatican",,,,,King's College London,,,,,,,,,UKRI,Innovation Scholars Big Data Skills Training. Funded by UKRI Innovation Scholars (MR/V038664/1). ,,EN,yes,,,onlineCourse,,Big Data Revolution,Big Data Revolution,Schema.org • V29.2 | 2025-05-15,Schema.org,,,,
Applied Artificial Intelligence for Health Research,,visual,"Postgraduate research student, Researcher, Clinician, Engineer, Public sector, Research Software Engineer",,,,,King's College London,,,,,,,,,UKRI,Innovation Scholars Big Data Skills Training. Funded by UKRI Innovation Scholars (MR/V038664/1). ,,EN,yes,,,onlineCourse,,Big Data Revolution,Big Data Revolution,Schema.org • V29.2 | 2025-05-15,Schema.org,,,,
NGS on the Galaxy Platform,,visual,"Postgraduate research student, Researcher, Clinician, Bioinformatican",,,,,King's College London,,,,,,,,,UKRI,Innovation Scholars Big Data Skills Training. Funded by UKRI Innovation Scholars (MR/V038664/1). ,,EN,yes,,,onlineCourse,,Big Data Revolution,Big Data Revolution,Schema.org • V29.2 | 2025-05-15,Schema.org,,,,
NGS: RNA-seq,,visual,"Postgraduate research student, Researcher, Clinician, Bioinformatican",,,,,King's College London,,,,,,,,,UKRI,Innovation Scholars Big Data Skills Training. Funded by UKRI Innovation Scholars (MR/V038664/1). ,,EN,yes,,,onlineCourse,,Big Data Revolution,Big Data Revolution,Schema.org • V29.2 | 2025-05-15,Schema.org,,,,
NGS: ATAC-seq,,visual,"Postgraduate research student, Researcher, Clinician, Bioinformatican",,,,,King's College London,,,,,,,,,UKRI,Innovation Scholars Big Data Skills Training. Funded by UKRI Innovation Scholars (MR/V038664/1). ,,EN,yes,,,onlineCourse,,Big Data Revolution,Big Data Revolution,Schema.org • V29.2 | 2025-05-15,Schema.org,,,,
Sequence Alignment and BLAST,,visual,"Postgraduate research student, Researcher, Clinician, Bioinformatican",,,,,King's College London,,,,,,,,,UKRI,Innovation Scholars Big Data Skills Training. Funded by UKRI Innovation Scholars (MR/V038664/1). ,,EN,yes,,,onlineCourse,,Big Data Revolution,Big Data Revolution,Schema.org • V29.2 | 2025-05-15,Schema.org,,,,
